{
  "Shipping Method" : {
    "transaction" : "Shipping Method",
    "sampleCount" : 63,
    "errorCount" : 42,
    "errorPct" : 66.666664,
    "meanResTime" : 177.4285714285714,
    "medianResTime" : 168.0,
    "minResTime" : 122.0,
    "maxResTime" : 456.0,
    "pct1ResTime" : 211.4,
    "pct2ResTime" : 251.7999999999999,
    "pct3ResTime" : 456.0,
    "throughput" : 0.017769113219712546,
    "receivedKBytesPerSec" : 0.0154496423860196,
    "sentKBytesPerSec" : 0.009648073193515797
  },
  "Payment method save " : {
    "transaction" : "Payment method save ",
    "sampleCount" : 63,
    "errorCount" : 1,
    "errorPct" : 1.5873016,
    "meanResTime" : 203.4126984126984,
    "medianResTime" : 188.0,
    "minResTime" : 125.0,
    "maxResTime" : 470.0,
    "pct1ResTime" : 269.8,
    "pct2ResTime" : 309.79999999999995,
    "pct3ResTime" : 470.0,
    "throughput" : 0.01776713379187579,
    "receivedKBytesPerSec" : 0.0050297799547530326,
    "sentKBytesPerSec" : 0.012718075263129841
  },
  "Acces Shopping Cart" : {
    "transaction" : "Acces Shopping Cart",
    "sampleCount" : 167,
    "errorCount" : 0,
    "errorPct" : 0.0,
    "meanResTime" : 213.6107784431137,
    "medianResTime" : 182.0,
    "minResTime" : 125.0,
    "maxResTime" : 468.0,
    "pct1ResTime" : 359.80000000000007,
    "pct2ResTime" : 394.3999999999999,
    "pct3ResTime" : 463.91999999999996,
    "throughput" : 0.04685935683147692,
    "receivedKBytesPerSec" : 0.19290765877956348,
    "sentKBytesPerSec" : 0.026175343855082807
  },
  "Remove product from cart" : {
    "transaction" : "Remove product from cart",
    "sampleCount" : 104,
    "errorCount" : 0,
    "errorPct" : 0.0,
    "meanResTime" : 167.08653846153845,
    "medianResTime" : 160.5,
    "minResTime" : 115.0,
    "maxResTime" : 472.0,
    "pct1ResTime" : 190.0,
    "pct2ResTime" : 263.75,
    "pct3ResTime" : 463.6000000000005,
    "throughput" : 0.02917724926432652,
    "receivedKBytesPerSec" : 0.010713795189316862,
    "sentKBytesPerSec" : 0.019774424794377545
  },
  "Shipping Address" : {
    "transaction" : "Shipping Address",
    "sampleCount" : 63,
    "errorCount" : 0,
    "errorPct" : 0.0,
    "meanResTime" : 344.9841269841271,
    "medianResTime" : 341.0,
    "minResTime" : 190.0,
    "maxResTime" : 637.0,
    "pct1ResTime" : 449.0,
    "pct2ResTime" : 486.19999999999993,
    "pct3ResTime" : 637.0,
    "throughput" : 0.01776785535499188,
    "receivedKBytesPerSec" : 0.599954308585061,
    "sentKBytesPerSec" : 0.009664741633525856
  },
  "Checkout confirm" : {
    "transaction" : "Checkout confirm",
    "sampleCount" : 63,
    "errorCount" : 43,
    "errorPct" : 68.25397,
    "meanResTime" : 250.71428571428564,
    "medianResTime" : 231.0,
    "minResTime" : 152.0,
    "maxResTime" : 717.0,
    "pct1ResTime" : 297.8,
    "pct2ResTime" : 526.5999999999999,
    "pct3ResTime" : 717.0,
    "throughput" : 0.01776638222594721,
    "receivedKBytesPerSec" : 0.0193884679047485,
    "sentKBytesPerSec" : 0.00950779048810456
  },
  "Confirm" : {
    "transaction" : "Confirm",
    "sampleCount" : 62,
    "errorCount" : 1,
    "errorPct" : 1.6129032,
    "meanResTime" : 229.67741935483866,
    "medianResTime" : 164.5,
    "minResTime" : 120.0,
    "maxResTime" : 519.0,
    "pct1ResTime" : 397.3,
    "pct2ResTime" : 443.2499999999998,
    "pct3ResTime" : 519.0,
    "throughput" : 0.01777565744129159,
    "receivedKBytesPerSec" : 0.008249184022063604,
    "sentKBytesPerSec" : 0.010224474836836667
  },
  "Access product" : {
    "transaction" : "Access product",
    "sampleCount" : 167,
    "errorCount" : 31,
    "errorPct" : 18.562874,
    "meanResTime" : 348.3652694610779,
    "medianResTime" : 370.0,
    "minResTime" : 0.0,
    "maxResTime" : 1117.0,
    "pct1ResTime" : 554.2,
    "pct2ResTime" : 600.2,
    "pct3ResTime" : 827.3199999999971,
    "throughput" : 0.046854636995804125,
    "receivedKBytesPerSec" : 1.2173624223707042,
    "sentKBytesPerSec" : 0.02571733449721748
  },
  "Succesful login" : {
    "transaction" : "Succesful login",
    "sampleCount" : 167,
    "errorCount" : 101,
    "errorPct" : 60.479042,
    "meanResTime" : 454.88622754491,
    "medianResTime" : 435.0,
    "minResTime" : 241.0,
    "maxResTime" : 1100.0,
    "pct1ResTime" : 580.2000000000002,
    "pct2ResTime" : 670.0,
    "pct3ResTime" : 952.4399999999985,
    "throughput" : 0.04684909010370481,
    "receivedKBytesPerSec" : 1.0351085209552893,
    "sentKBytesPerSec" : 0.05013138653739497
  },
  "Checkout" : {
    "transaction" : "Checkout",
    "sampleCount" : 63,
    "errorCount" : 0,
    "errorPct" : 0.0,
    "meanResTime" : 648.4444444444443,
    "medianResTime" : 667.0,
    "minResTime" : 363.0,
    "maxResTime" : 1005.0,
    "pct1ResTime" : 827.2,
    "pct2ResTime" : 878.0,
    "pct3ResTime" : 1005.0,
    "throughput" : 0.017760972827685014,
    "receivedKBytesPerSec" : 1.0140936777315177,
    "sentKBytesPerSec" : 0.011343433817681641
  },
  "Logout " : {
    "transaction" : "Logout ",
    "sampleCount" : 104,
    "errorCount" : 0,
    "errorPct" : 0.0,
    "meanResTime" : 309.0576923076924,
    "medianResTime" : 300.5,
    "minResTime" : 236.0,
    "maxResTime" : 511.0,
    "pct1ResTime" : 376.0,
    "pct2ResTime" : 457.0,
    "pct3ResTime" : 510.25000000000006,
    "throughput" : 0.029175301199918423,
    "receivedKBytesPerSec" : 0.5329705866500835,
    "sentKBytesPerSec" : 0.01903807848450581
  },
  "Payment Method" : {
    "transaction" : "Payment Method",
    "sampleCount" : 63,
    "errorCount" : 1,
    "errorPct" : 1.5873016,
    "meanResTime" : 266.61904761904754,
    "medianResTime" : 261.0,
    "minResTime" : 154.0,
    "maxResTime" : 1258.0,
    "pct1ResTime" : 335.8,
    "pct2ResTime" : 354.0,
    "pct3ResTime" : 1258.0,
    "throughput" : 0.01776657762697181,
    "receivedKBytesPerSec" : 0.019354531598281325,
    "sentKBytesPerSec" : 0.009629346272431009
  },
  "Access product category" : {
    "transaction" : "Access product category",
    "sampleCount" : 167,
    "errorCount" : 0,
    "errorPct" : 0.0,
    "meanResTime" : 531.2395209580837,
    "medianResTime" : 506.0,
    "minResTime" : 293.0,
    "maxResTime" : 1971.0,
    "pct1ResTime" : 692.4000000000001,
    "pct2ResTime" : 725.6,
    "pct3ResTime" : 1333.8399999999936,
    "throughput" : 0.046852967532296286,
    "receivedKBytesPerSec" : 2.0172185050214035,
    "sentKBytesPerSec" : 0.030234915203142684
  },
  "Checkout Success" : {
    "transaction" : "Checkout Success",
    "sampleCount" : 62,
    "errorCount" : 0,
    "errorPct" : 0.0,
    "meanResTime" : 437.2903225806453,
    "medianResTime" : 405.5,
    "minResTime" : 279.0,
    "maxResTime" : 678.0,
    "pct1ResTime" : 582.9000000000001,
    "pct2ResTime" : 649.8999999999996,
    "pct3ResTime" : 678.0,
    "throughput" : 0.017777160993123965,
    "receivedKBytesPerSec" : 0.4177011215166441,
    "sentKBytesPerSec" : 0.011405854270002388
  },
  "Access HomePage" : {
    "transaction" : "Access HomePage",
    "sampleCount" : 647,
    "errorCount" : 0,
    "errorPct" : 0.0,
    "meanResTime" : 396.5285935085009,
    "medianResTime" : 366.0,
    "minResTime" : 242.0,
    "maxResTime" : 1551.0,
    "pct1ResTime" : 534.2,
    "pct2ResTime" : 619.0,
    "pct3ResTime" : 948.0799999999999,
    "throughput" : 0.17979608844855982,
    "receivedKBytesPerSec" : 4.37998792160029,
    "sentKBytesPerSec" : 0.11232099329835785
  },
  "Access Login" : {
    "transaction" : "Access Login",
    "sampleCount" : 167,
    "errorCount" : 62,
    "errorPct" : 37.125748,
    "meanResTime" : 416.688622754491,
    "medianResTime" : 324.0,
    "minResTime" : 232.0,
    "maxResTime" : 1153.0,
    "pct1ResTime" : 681.2000000000004,
    "pct2ResTime" : 760.8,
    "pct3ResTime" : 1104.0399999999995,
    "throughput" : 0.04684496364746668,
    "receivedKBytesPerSec" : 1.0258238384622957,
    "sentKBytesPerSec" : 0.04112165347784584
  },
  "Checkout country" : {
    "transaction" : "Checkout country",
    "sampleCount" : 63,
    "errorCount" : 0,